{
  "n": 7,
  "fact_avg": 1.0,
  "outdated_avg": 0.14285714285714285,
  "orig_avg": 0.14285714285714285,
  "delta": 0.8571428571428572,
  "h1_confirmed": true
}